Row Labels,Average of Price ,Average of Max resolution,Average of Effective pixels,Average of Zoom tele (T),Average of Zoom wide (W)
Agfa,351.86,1161,0.43,72.00,40.57
1997,179.00,1024,0.00,114.00,38.00
ePhoto 1280,179.00,1024,0.00,114.00,38.00
1998,179.00,1280,1.00,114.00,38.00
ePhoto 1680,179.00,1280,1.00,114.00,38.00
1999,582.33,1195,0.33,60.00,37.33
ePhoto CL30,269.00,1152,0.00,35.00,35.00
ePhoto CL30 Clik!,1299.00,1152,0.00,43.00,43.00
ePhoto CL50,179.00,1280,1.00,102.00,34.00
2000,179.00,640,0.00,45.00,45.00
ePhoto CL18,179.00,640,0.00,45.00,45.00
2001,179.00,1600,1.00,51.00,51.00
ePhoto CL45,179.00,1600,1.00,51.00,51.00
Canon,682.09,2623,5.27,110.62,29.78
1996,139.00,832,0.00,50.00,50.00
PowerShot 600,139.00,832,0.00,50.00,50.00
1997,149.00,640,0.00,42.00,42.00
PowerShot 350,149.00,640,0.00,42.00,42.00
1998,174.00,1280,0.50,52.50,31.50
PowerShot A5,149.00,1024,0.00,35.00,35.00
PowerShot Pro70,199.00,1536,1.00,70.00,28.00
1999,232.33,1301,0.67,70.00,30.33
PowerShot A5 Zoom,149.00,1024,0.00,70.00,28.00
PowerShot A50,149.00,1280,1.00,70.00,28.00
PowerShot S10,399.00,1600,1.00,70.00,35.00
2000,411.50,1964,2.50,59.00,25.25
EOS D30,549.00,2160,3.00,0.00,0.00
PowerShot G1,499.00,2048,3.00,102.00,34.00
PowerShot S100,199.00,1600,1.00,70.00,35.00
PowerShot S20,399.00,2048,3.00,64.00,32.00
2001,732.89,1888,2.11,118.56,31.22
EOS-1D,4499.00,2464,4.00,0.00,0.00
PowerShot A10,139.00,1280,1.00,105.00,35.00
PowerShot A20,139.00,1600,1.00,105.00,35.00
PowerShot G2,499.00,2272,3.00,102.00,34.00
PowerShot Pro90 IS,384.00,1856,2.00,370.00,37.00
PowerShot S110,199.00,1600,1.00,70.00,35.00
PowerShot S30,399.00,2048,3.00,105.00,35.00
PowerShot S300,199.00,1600,1.00,105.00,35.00
PowerShot S40,139.00,2272,3.00,105.00,35.00
2002,939.91,2063,2.91,70.73,29.36
EOS D60,549.00,3072,6.00,0.00,0.00
EOS-1Ds,7999.00,4064,11.00,0.00,0.00
PowerShot A100,139.00,1280,1.00,39.00,39.00
PowerShot A200,139.00,1600,1.00,39.00,39.00
PowerShot A30,139.00,1280,1.00,105.00,35.00
PowerShot A40,139.00,1600,1.00,105.00,35.00
PowerShot G3,499.00,2272,3.00,140.00,35.00
PowerShot S200,199.00,1600,1.00,70.00,35.00
PowerShot S230,199.00,2048,3.00,70.00,35.00
PowerShot S330,199.00,1600,1.00,105.00,35.00
PowerShot S45,139.00,2272,3.00,105.00,35.00
2003,385.36,2353,3.73,74.36,29.09
EOS 10D,1299.00,3072,6.00,0.00,0.00
EOS 300D / Digital Rebel,1299.00,3072,6.00,0.00,0.00
PowerShot A300,139.00,2048,3.00,33.00,33.00
PowerShot A60,139.00,1600,1.00,105.00,35.00
PowerShot A70,139.00,2048,3.00,105.00,35.00
PowerShot A80,139.00,2272,3.00,114.00,38.00
PowerShot G5,149.00,2592,5.00,140.00,35.00
PowerShot S400,139.00,2272,3.00,108.00,36.00
PowerShot S50,399.00,2592,5.00,105.00,35.00
PowerShot SD10,199.00,2272,3.00,38.00,38.00
PowerShot SD100,199.00,2048,3.00,70.00,35.00
2004,916.37,2678,5.37,100.63,29.42
EOS 20D,1299.00,3504,8.00,0.00,0.00
EOS-1D Mark II,4499.00,3504,8.00,0.00,0.00
EOS-1Ds Mark II,7999.00,4992,16.00,0.00,0.00
PowerShot A310,139.00,2048,3.00,33.00,33.00
PowerShot A400,139.00,2048,3.00,100.00,45.00
PowerShot A75,139.00,2048,3.00,105.00,35.00
PowerShot A85,139.00,2272,4.00,105.00,35.00
PowerShot A95,139.00,2592,5.00,114.00,38.00
PowerShot G6,499.00,3072,7.00,140.00,35.00
PowerShot Pro1,139.00,3264,8.00,200.00,28.00
PowerShot S1 IS,399.00,2048,3.00,380.00,38.00
PowerShot S410,139.00,2272,3.00,108.00,36.00
PowerShot S500,149.00,2592,5.00,108.00,36.00
PowerShot S60,399.00,2592,5.00,100.00,28.00
PowerShot S70,399.00,3072,7.00,100.00,28.00
PowerShot SD110,199.00,2048,3.00,70.00,35.00
PowerShot SD20,199.00,2592,5.00,39.00,39.00
PowerShot SD200,199.00,2048,3.00,105.00,35.00
PowerShot SD300,199.00,2272,3.00,105.00,35.00
2005,723.12,2896,6.12,108.82,27.18
EOS 20Da,1299.00,3504,8.00,0.00,0.00
EOS 350D / Digital Rebel XT,1299.00,3456,8.00,0.00,0.00
EOS 5D,2499.00,4368,12.00,0.00,0.00
EOS-1D Mark II N,4499.00,3504,8.00,0.00,0.00
PowerShot A410,139.00,2048,3.00,131.00,41.00
PowerShot A510,139.00,2048,3.00,140.00,35.00
PowerShot A520,149.00,2272,3.00,140.00,35.00
PowerShot A610,139.00,2592,5.00,140.00,35.00
PowerShot A620,139.00,3072,7.00,140.00,35.00
PowerShot S2 IS,399.00,2592,5.00,432.00,36.00
PowerShot S80,399.00,3264,8.00,100.00,28.00
PowerShot SD30,199.00,2592,5.00,90.00,38.00
PowerShot SD400,199.00,2592,5.00,105.00,35.00
PowerShot SD430 Wireless,199.00,2592,5.00,105.00,35.00
PowerShot SD450,199.00,2592,5.00,105.00,35.00
PowerShot SD500,199.00,3072,7.00,111.00,37.00
PowerShot SD550,199.00,3072,7.00,111.00,37.00
2006,344.00,3047,7.00,142.17,31.50
EOS 30D,1299.00,3504,8.00,0.00,0.00
EOS 400D / Digital Rebel XTi,1299.00,3888,10.00,0.00,0.00
PowerShot A420,139.00,2272,4.00,125.00,39.00
PowerShot A430,139.00,2272,4.00,156.00,39.00
PowerShot A530,149.00,2592,5.00,140.00,35.00
PowerShot A540,149.00,2816,6.00,140.00,35.00
PowerShot A630,139.00,3264,8.00,140.00,35.00
PowerShot A640,139.00,3648,10.00,140.00,35.00
PowerShot A700,139.00,2816,6.00,210.00,35.00
PowerShot A710 IS,139.00,3072,7.00,210.00,35.00
PowerShot G7,499.00,3648,10.00,210.00,35.00
PowerShot S3 IS,399.00,2816,6.00,432.00,36.00
PowerShot SD40,199.00,3072,7.00,90.00,38.00
PowerShot SD600,199.00,2816,6.00,105.00,35.00
PowerShot SD630,199.00,2816,6.00,105.00,35.00
PowerShot SD700 IS,384.00,2816,6.00,140.00,35.00
PowerShot SD800 IS,384.00,3072,7.00,105.00,28.00
PowerShot SD900,199.00,3648,10.00,111.00,37.00
2007,967.95,3438,8.89,162.84,29.79
EOS 40D,1299.00,3888,10.00,0.00,0.00
EOS-1D Mark III,4499.00,3888,10.00,0.00,0.00
EOS-1Ds Mark III,7999.00,5616,21.00,0.00,0.00
PowerShot A450,139.00,2592,5.00,122.00,38.00
PowerShot A460,139.00,2592,5.00,152.00,38.00
PowerShot A550,149.00,3072,7.00,140.00,35.00
PowerShot A560,149.00,3072,7.00,140.00,35.00
PowerShot A570 IS,149.00,3072,7.00,140.00,35.00
PowerShot A650 IS,399.00,4000,12.00,210.00,35.00
PowerShot A720 IS,399.00,3264,8.00,210.00,35.00
PowerShot G9,499.00,4000,12.00,210.00,35.00
PowerShot S5 IS,399.00,3264,8.00,432.00,36.00
PowerShot SD1000,199.00,3072,7.00,105.00,35.00
PowerShot SD750,384.00,3072,7.00,105.00,35.00
PowerShot SD850 IS,384.00,3264,8.00,140.00,35.00
PowerShot SD870 IS,384.00,3264,8.00,105.00,28.00
PowerShot SD950 IS,384.00,4000,12.00,133.00,36.00
PowerShot SX100 IS,299.00,3264,8.00,360.00,36.00
PowerShot TX1,139.00,3072,7.00,390.00,39.00
Casio,270.27,2364,4.33,115.59,37.19
1996,249.00,640,0.00,106.00,47.00
QV-300,249.00,640,0.00,106.00,47.00
1997,249.00,640,0.00,38.00,38.00
QV-700,249.00,640,0.00,38.00,38.00
1998,249.00,1067,0.67,45.67,35.00
QV-5000SX,249.00,1280,1.00,35.00,35.00
QV-7000SX,249.00,1280,1.00,64.00,32.00
QV-770,249.00,640,0.00,38.00,38.00
1999,249.00,1387,1.00,154.67,37.33
QV-2000UX,249.00,1600,1.00,108.00,36.00
QV-5500SX,249.00,1280,1.00,36.00,36.00
QV-8000SX,249.00,1280,1.00,320.00,40.00
2000,249.00,1824,2.00,146.00,38.75
QV-2300UX,249.00,1600,1.00,123.00,41.00
QV-2800UX,249.00,1600,1.00,320.00,40.00
QV-3000EX,249.00,2048,3.00,100.00,33.00
QV-3EX,249.00,2048,3.00,41.00,41.00
2001,249.00,1728,1.67,120.17,37.33
GV-10,249.00,1280,1.00,35.00,35.00
QV-2100,249.00,1600,1.00,41.00,41.00
QV-2400UX,249.00,1600,1.00,123.00,41.00
QV-2900UX,249.00,1600,1.00,320.00,40.00
QV-3500EX,249.00,2048,3.00,100.00,33.00
QV-4000,249.00,2240,3.00,102.00,34.00
2002,249.00,2128,3.00,90.75,36.25
GV-20,249.00,1600,1.00,35.00,35.00
QV-5700,249.00,2560,4.00,102.00,34.00
QV-R3,249.00,2048,3.00,113.00,38.00
QV-R4,249.00,2304,4.00,113.00,38.00
2003,281.00,2061,3.00,79.40,35.80
Exilim EX-S20,249.00,1600,1.00,35.00,35.00
Exilim EX-S3,249.00,2048,3.00,35.00,35.00
Exilim EX-Z3,329.00,2048,3.00,105.00,35.00
Exilim EX-Z4,329.00,2304,4.00,105.00,35.00
QV-R40,249.00,2304,4.00,117.00,39.00
2004,278.09,2537,4.64,114.00,36.18
Exilim EX-P600,249.00,2816,5.00,132.00,33.00
Exilim EX-P700,249.00,3072,7.00,132.00,33.00
Exilim EX-S100,249.00,2048,3.00,102.00,36.00
Exilim EX-Z30,329.00,2048,3.00,105.00,35.00
Exilim EX-Z40,329.00,2304,4.00,105.00,35.00
Exilim EX-Z50,329.00,2560,5.00,105.00,35.00
Exilim EX-Z55,329.00,2560,5.00,105.00,35.00
QV-R41,249.00,2304,3.00,117.00,39.00
QV-R51,249.00,2560,4.00,117.00,39.00
QV-R61,249.00,2816,6.00,117.00,39.00
QV-R62,249.00,2816,6.00,117.00,39.00
2005,287.89,2731,5.33,121.44,37.00
Exilim EX-P505,249.00,2560,4.00,190.00,38.00
Exilim EX-S500,249.00,2560,4.00,114.00,38.00
Exilim EX-S600,249.00,2816,6.00,114.00,38.00
Exilim EX-Z10,329.00,2560,5.00,114.00,35.00
Exilim EX-Z110,329.00,2816,6.00,114.00,35.00
Exilim EX-Z120,329.00,3072,7.00,114.00,38.00
Exilim EX-Z500,329.00,2560,5.00,114.00,38.00
Exilim EX-Z57,199.00,2560,4.00,105.00,35.00
Exilim EX-Z750,329.00,3072,7.00,114.00,38.00
2006,282.75,3040,6.88,114.00,38.00
Exilim EX-S600d,249.00,2816,6.00,114.00,38.00
Exilim EX-S770,249.00,3072,7.00,114.00,38.00
Exilim EX-Z1000,329.00,3648,10.00,114.00,38.00
Exilim EX-Z5,329.00,2560,4.00,114.00,38.00
Exilim EX-Z60,329.00,2816,6.00,114.00,38.00
Exilim EX-Z70,199.00,3072,7.00,114.00,38.00
Exilim EX-Z700,329.00,3072,7.00,114.00,38.00
Exilim EX-Z850,249.00,3264,8.00,114.00,38.00
2007,279.00,3380,8.63,151.63,37.88
Exilim EX-S880,249.00,3264,8.00,114.00,38.00
Exilim EX-V7,299.00,3072,7.00,266.00,38.00
Exilim EX-V8,299.00,3264,8.00,266.00,38.00
Exilim EX-Z1050,329.00,3648,10.00,114.00,38.00
Exilim EX-Z1080,329.00,3648,10.00,114.00,38.00
Exilim EX-Z1200 SR,329.00,4000,12.00,111.00,37.00
Exilim EX-Z75,199.00,3072,7.00,114.00,38.00
Exilim EX-Z77,199.00,3072,7.00,114.00,38.00
Contax,549.00,2800,5.00,52.50,17.50
2000,549.00,3040,6.00,0.00,0.00
N Digital,549.00,3040,6.00,0.00,0.00
2002,549.00,2560,4.00,105.00,35.00
TVS Digital,549.00,2560,4.00,105.00,35.00
Epson,529.67,1702,2.07,70.20,33.80
1997,229.00,768,0.00,40.67,40.67
PhotoPC 500,229.00,640,0.00,43.00,43.00
PhotoPC 550,229.00,640,0.00,43.00,43.00
PhotoPC 600,229.00,1024,0.00,36.00,36.00
1998,229.00,1280,1.00,68.50,34.50
PhotoPC 700,229.00,1280,1.00,35.00,35.00
PhotoPC 750 Zoom,229.00,1280,1.00,102.00,34.00
1999,229.00,1451,0.67,60.67,37.33
PhotoPC 650,229.00,1152,0.00,39.00,39.00
PhotoPC 800,229.00,1600,1.00,38.00,38.00
PhotoPC 850 Zoom,229.00,1600,1.00,105.00,35.00
2000,399.00,2048,3.00,102.00,34.00
PhotoPC 3000 Zoom,399.00,2048,3.00,102.00,34.00
2001,399.00,2048,3.00,102.00,34.00
PhotoPC 3100 Zoom,399.00,2048,3.00,102.00,34.00
2003,264.00,2176,3.50,102.00,34.00
PhotoPC L-300,399.00,2048,3.00,102.00,34.00
PhotoPC L-400,129.00,2304,4.00,102.00,34.00
2004,1595.67,2624,4.67,68.00,22.67
PhotoPC L-410,129.00,2304,4.00,102.00,34.00
PhotoPC L-500V,159.00,2560,4.00,102.00,34.00
R-D1,4499.00,3008,6.00,0.00,0.00
Fujifilm,297.38,2559,4.11,129.30,33.99
1997,169.00,1280,1.00,105.00,35.00
DS-300,169.00,1280,1.00,105.00,35.00
1998,169.00,1280,1.00,35.00,35.00
MX-500,169.00,1280,1.00,35.00,35.00
MX-700,169.00,1280,1.00,35.00,35.00
1999,171.86,1429,1.29,78.57,36.71
DS-260HD,169.00,1280,1.00,105.00,35.00
MX-1200,169.00,1280,1.00,38.00,38.00
MX-1500,169.00,1280,1.00,38.00,38.00
MX-1700,169.00,1280,1.00,114.00,38.00
MX-2700,169.00,1800,2.00,35.00,35.00
MX-2900 Zoom,179.00,1800,2.00,105.00,35.00
MX-600 Zoom,179.00,1280,1.00,115.00,38.00
2000,387.57,2057,1.71,88.57,31.57
FinePix 1300,169.00,1280,1.00,38.00,38.00
FinePix 2400 Zoom,169.00,1600,1.00,114.00,38.00
FinePix 40i,169.00,2400,2.00,36.00,36.00
FinePix 4700 Zoom,169.00,2400,2.00,108.00,36.00
FinePix 4900 Zoom,169.00,2400,2.00,210.00,35.00
FinePix S1 Pro,1699.00,3040,3.00,0.00,0.00
MX-1400,169.00,1280,1.00,114.00,38.00
2001,172.00,1974,1.60,95.00,36.50
FinePix 2300,169.00,1600,1.00,36.00,36.00
FinePix 2600 Zoom,169.00,1600,1.00,114.00,38.00
FinePix 2800 Zoom,169.00,1600,1.00,228.00,38.00
Finepix 30i,199.00,1600,1.00,38.00,38.00
FinePix 4800 Zoom,169.00,2400,2.00,108.00,36.00
FinePix 50i,169.00,2400,2.00,36.00,36.00
FinePix 6800 Zoom,169.00,2832,3.00,108.00,36.00
FinePix 6900 Zoom,169.00,2832,3.00,210.00,35.00
FinePix A101,169.00,1280,1.00,36.00,36.00
FinePix A201,169.00,1600,1.00,36.00,36.00
2002,464.83,2424,2.58,113.58,34.08
FinePix 2650,169.00,1600,1.00,114.00,38.00
FinePix 3800,399.00,2048,3.00,228.00,38.00
FinePix A200,169.00,1600,1.00,36.00,36.00
FinePix A203,169.00,1600,1.00,114.00,38.00
FinePix A303,169.00,2048,3.00,114.00,38.00
FinePix F401 Zoom,169.00,2304,2.00,114.00,38.00
FinePix F402,199.00,2304,2.00,39.00,39.00
FinePix F601Z,169.00,2832,3.00,108.00,36.00
FinePix M603,169.00,2832,3.00,76.00,38.00
FinePix S2 Pro,1699.00,4256,6.00,0.00,0.00
FinePix S602Z,399.00,2832,3.00,210.00,35.00
FinePix S602Z Pro,1699.00,2832,3.00,210.00,35.00
2003,187.00,2789,3.40,157.00,36.40
FinePix A205 Zoom,169.00,1600,1.00,108.00,36.00
FinePix A210 Zoom,169.00,2048,3.00,108.00,36.00
FinePix A310 Zoom,169.00,2816,3.00,114.00,38.00
FinePix F410 Zoom,169.00,2816,3.00,114.00,38.00
FinePix F420 Zoom,169.00,2816,3.00,108.00,36.00
FinePix F610,169.00,4048,6.00,105.00,35.00
FinePix F700,169.00,2832,3.00,105.00,35.00
FinePix S3000 Z,229.00,2048,3.00,228.00,38.00
FinePix S5000 Z,229.00,2816,3.00,370.00,37.00
FinePix S7000 Z,229.00,4048,6.00,210.00,35.00
2004,385.00,2750,4.47,136.13,32.73
FinePix A120,169.00,2016,3.00,38.00,38.00
FinePix A330,169.00,2016,3.00,114.00,38.00
FinePix A340,169.00,2272,4.00,114.00,38.00
FinePix E500 Zoom,169.00,2304,4.00,91.00,28.00
FinePix E510 Zoom,169.00,2592,5.00,91.00,28.00
FinePix E550 Zoom,169.00,4048,6.00,130.00,32.00
FinePix F440 Zoom,169.00,2304,3.00,130.00,38.00
FinePix F450 Zoom,199.00,2592,5.00,130.00,38.00
FinePix F455 Zoom,199.00,2592,5.00,130.00,38.00
FinePix F710,169.00,2832,3.00,130.00,32.00
FinePix F810 Zoom,169.00,4048,6.00,130.00,32.00
FinePix S20 Pro,1699.00,2832,6.00,210.00,35.00
FinePix S3 Pro,1699.00,4256,6.00,0.00,0.00
FinePix S3500 Zoom,229.00,2272,4.00,234.00,39.00
FinePix S5100 Zoom,229.00,2272,4.00,370.00,37.00
2005,189.00,2816,6.00,161.11,34.67
FinePix A345 Zoom,169.00,2304,4.00,105.00,35.00
FinePix A350 Zoom,169.00,2592,5.00,105.00,35.00
FinePix E900 Zoom,169.00,3488,9.00,128.00,32.00
FinePix F10 Zoom,179.00,2848,6.00,108.00,36.00
FinePix F11 Zoom,199.00,2848,6.00,108.00,36.00
FinePix S5200 Zoom,229.00,2592,5.00,380.00,38.00
FinePix S9000 Z,229.00,3488,9.00,300.00,28.00
FinePix Z1,179.00,2592,5.00,108.00,36.00
FinePix Z2,179.00,2592,5.00,108.00,36.00
2006,312.85,2900,5.85,137.15,32.23
FinePix A400 Zoom,169.00,2303,4.00,114.00,38.00
FinePix A500 Zoom,169.00,2592,5.00,114.00,38.00
FinePix A600 Zoom,169.00,2848,6.00,108.00,36.00
FinePix F20 Zoom,169.00,2848,6.00,108.00,36.00
FinePix F30 Zoom,169.00,2848,6.00,108.00,36.00
FinePix F31 fd,199.00,2848,6.00,108.00,36.00
FinePix F470 Zoom,169.00,2816,6.00,105.00,35.00
FinePix F650 Zoom,169.00,2816,6.00,180.00,36.00
FinePix S5 Pro,1699.00,4256,6.00,0.00,0.00
FinePix S6000 fd,399.00,2848,6.00,300.00,28.00
FinePix S9100,229.00,3488,9.00,300.00,28.00
FinePix V10 Zoom,179.00,2592,5.00,130.00,36.00
FinePix Z3,179.00,2592,5.00,108.00,36.00
2007,331.31,3394,8.08,176.77,32.46
FinePix A610,169.00,2848,6.00,117.00,39.00
FinePix A800,169.00,3296,8.00,108.00,36.00
FinePix A820,169.00,3296,8.00,156.00,39.00
FinePix A900,169.00,3488,9.00,156.00,39.00
FinePix A920,169.00,3488,9.00,156.00,39.00
FinePix F40 fd,199.00,3296,8.00,108.00,36.00
FinePix F480 Zoom,169.00,3264,8.00,112.00,28.00
FinePix F50 fd,199.00,4000,12.00,105.00,35.00
FinePix IS Pro,1699.00,4256,6.00,0.00,0.00
FinePix IS-1,169.00,3488,9.00,300.00,28.00
FinePix S5700 Zoom,229.00,3072,7.00,380.00,38.00
FinePix S8000 fd,399.00,3264,8.00,486.00,27.00
FinePix Z10 fd,399.00,3072,7.00,114.00,38.00
HP,179.00,2317,4.11,105.13,36.96
1998,179.00,1152,1.00,37.00,37.00
Photosmart C20,179.00,1152,1.00,39.00,39.00
Photosmart C30,179.00,1152,1.00,35.00,35.00
1999,179.00,1376,1.00,75.00,36.50
Photosmart C200,179.00,1152,1.00,35.00,35.00
Photosmart C500,179.00,1600,1.00,115.00,38.00
2000,179.00,1520,1.00,74.25,37.25
Photosmart C215,179.00,1280,1.00,43.00,43.00
Photosmart C315,179.00,1600,1.00,38.00,38.00
Photosmart C618,179.00,1600,1.00,108.00,34.00
Photosmart C912,179.00,1600,1.00,108.00,34.00
2001,179.00,2048,3.00,102.00,34.00
Photosmart 715,179.00,2048,3.00,102.00,34.00
2002,179.00,1971,2.60,130.60,36.40
Photosmart 320,179.00,1632,2.00,38.00,38.00
Photosmart 620,179.00,1632,2.00,102.00,36.00
Photosmart 720,179.00,2048,3.00,102.00,34.00
Photosmart 812,179.00,2272,3.00,111.00,37.00
Photosmart 850,179.00,2272,3.00,300.00,37.00
2003,179.00,2196,3.60,135.00,37.20
Photosmart 435,179.00,2048,3.00,36.00,36.00
Photosmart 635,179.00,1636,2.00,114.00,38.00
Photosmart 735,179.00,2080,3.00,114.00,38.00
Photosmart 935,179.00,2608,5.00,111.00,37.00
Photosmart 945,179.00,2608,5.00,300.00,37.00
2004,179.00,2330,4.00,109.80,37.80
Photosmart M307,179.00,2080,3.00,111.00,40.00
Photosmart M407,179.00,2320,4.00,111.00,40.00
Photosmart R507,179.00,2320,4.00,105.00,35.00
Photosmart R607,179.00,2320,4.00,105.00,35.00
Photosmart R707,179.00,2608,5.00,117.00,39.00
2005,179.00,2550,4.88,100.00,36.25
Photosmart E317,179.00,2560,5.00,35.00,35.00
Photosmart M22,179.00,2320,4.00,36.00,36.00
Photosmart M23,179.00,2320,4.00,36.00,36.00
Photosmart M417,179.00,2576,5.00,108.00,36.00
Photosmart M517,179.00,2576,5.00,108.00,36.00
Photosmart R717,179.00,2864,6.00,117.00,39.00
Photosmart R817,179.00,2592,5.00,180.00,36.00
Photosmart R818,179.00,2592,5.00,180.00,36.00
2006,179.00,2823,6.00,102.57,37.43
Photosmart E327,179.00,2560,5.00,35.00,35.00
Photosmart M425,179.00,2576,5.00,114.00,38.00
Photosmart M525,179.00,2800,6.00,114.00,38.00
Photosmart M527,179.00,2800,6.00,114.00,38.00
Photosmart R725,179.00,2864,6.00,118.00,39.00
Photosmart R727,179.00,2864,6.00,118.00,39.00
Photosmart R927,179.00,3296,8.00,105.00,35.00
2007,179.00,2967,6.57,116.86,37.29
Photosmart E337,179.00,2576,5.00,36.00,36.00
Photosmart M437,179.00,2576,5.00,114.00,38.00
Photosmart M537,179.00,2848,6.00,114.00,38.00
Photosmart Mz67,179.00,3264,8.00,210.00,35.00
Photosmart R742,179.00,3096,7.00,108.00,36.00
Photosmart R837,179.00,3112,7.00,118.00,39.00
Photosmart R937,179.00,3298,8.00,118.00,39.00
JVC,14.00,2032,3.00,86.00,37.00
2001,14.00,2032,3.00,86.00,37.00
GC-QX3HD,14.00,2032,3.00,86.00,37.00
GC-QX5HD,14.00,2032,3.00,86.00,37.00
Kodak,130.60,2370,4.38,114.82,30.74
1994,129.00,1524,1.00,0.00,0.00
DCS420,129.00,1524,1.00,0.00,0.00
1995,129.00,3060,6.00,0.00,0.00
DCS460,129.00,3060,6.00,0.00,0.00
1998,128.57,1611,1.43,38.57,19.29
DC200,129.00,1152,0.00,39.00,39.00
DC210 plus,129.00,1152,0.00,58.00,29.00
DC220,129.00,1152,0.00,58.00,29.00
DC260,129.00,1536,1.00,115.00,38.00
DCS315,126.00,1520,1.00,0.00,0.00
DCS520,129.00,1728,2.00,0.00,0.00
DCS560,129.00,3040,6.00,0.00,0.00
1999,128.67,1716,1.89,56.00,23.67
DC200 plus,129.00,1152,0.00,39.00,39.00
DC215,129.00,1152,0.00,58.00,29.00
DC240,129.00,1280,1.00,117.00,39.00
DC265,129.00,1536,1.00,115.00,38.00
DC280,129.00,1760,2.00,60.00,30.00
DC290,129.00,1792,2.00,115.00,38.00
DCS330,126.00,2008,3.00,0.00,0.00
DCS620,129.00,1728,2.00,0.00,0.00
DCS660,129.00,3040,6.00,0.00,0.00
2000,128.50,1720,1.83,48.67,28.00
DC3200,129.00,1152,0.00,39.00,39.00
DC3400,129.00,1760,2.00,76.00,38.00
DC3800,129.00,1760,2.00,33.00,33.00
DC4800,129.00,2160,3.00,84.00,28.00
DC5000,126.00,1760,2.00,60.00,30.00
DCS620x,129.00,1728,2.00,0.00,0.00
2001,129.00,1825,2.38,39.00,26.50
DCS720x,129.00,1728,2.00,0.00,0.00
DCS760,129.00,3032,6.00,0.00,0.00
DX3215,129.00,1280,1.00,60.00,30.00
DX3500,129.00,1800,2.00,38.00,38.00
DX3600,129.00,1800,2.00,70.00,35.00
DX3700,129.00,2160,3.00,37.00,37.00
DX3900,129.00,2160,3.00,70.00,35.00
mc3,129.00,640,0.00,37.00,37.00
2002,128.25,2336,4.13,68.50,32.13
CX4200,129.00,1632,2.00,37.00,37.00
CX4230,129.00,1632,2.00,108.00,36.00
CX4300,126.00,2080,3.00,76.00,38.00
DCS 14n,129.00,4536,13.00,0.00,0.00
DX4330,126.00,2160,3.00,114.00,38.00
DX4900,129.00,2448,4.00,70.00,35.00
LS420,129.00,1752,2.00,38.00,38.00
LS443,129.00,2448,4.00,105.00,35.00
2003,127.50,2070,3.25,142.13,36.50
CX6200,129.00,1632,2.00,37.00,37.00
CX6230,129.00,1632,2.00,108.00,36.00
CX6330,126.00,2032,3.00,111.00,37.00
DX4530,126.00,2580,5.00,114.00,38.00
DX6340,126.00,2032,3.00,144.00,36.00
DX6440,129.00,2304,4.00,132.00,33.00
DX6490,129.00,2304,4.00,380.00,38.00
LS633,126.00,2041,3.00,111.00,37.00
2004,126.92,2563,5.46,105.77,30.54
CX7220,129.00,0,2.00,78.00,37.00
CX7300,126.00,2096,3.00,37.00,37.00
CX7330,126.00,2032,3.00,111.00,37.00
CX7430,126.00,2408,4.00,102.00,34.00
CX7530,126.00,2560,4.00,102.00,34.00
DCS SLR/c,129.00,4500,13.00,0.00,0.00
DCS SLR/n,129.00,4500,13.00,0.00,0.00
DX7440,129.00,2304,4.00,132.00,33.00
DX7590,126.00,2576,5.00,380.00,38.00
DX7630,126.00,2872,6.00,117.00,39.00
LS743,126.00,2304,4.00,100.00,36.00
LS753,126.00,2569,5.00,108.00,36.00
LS755,126.00,2592,5.00,108.00,36.00
2005,141.00,2549,4.87,163.33,35.00
C300,129.00,2096,3.00,37.00,37.00
C310,129.00,2336,4.00,35.00,35.00
C330,129.00,2336,4.00,102.00,34.00
C340,129.00,2576,5.00,102.00,34.00
C360,129.00,2690,5.00,102.00,34.00
Easyshare One,296.00,2304,4.00,100.00,36.00
P850,146.00,2592,5.00,432.00,36.00
P880,146.00,3264,8.00,140.00,24.00
V530,126.00,2569,5.00,108.00,36.00
V550,126.00,2569,5.00,108.00,36.00
Z700,126.00,2304,4.00,175.00,35.00
Z730,126.00,2576,5.00,132.00,33.00
Z740,126.00,2576,5.00,380.00,38.00
Z7590,126.00,2576,5.00,380.00,38.00
Z760,126.00,2872,6.00,117.00,39.00
2006,126.69,2862,6.15,227.00,35.69
C433,126.00,2304,4.00,108.00,36.00
C533,126.00,2576,5.00,111.00,37.00
C643,126.00,2848,6.00,108.00,36.00
C663,126.00,2832,6.00,102.00,34.00
C743,126.00,3072,7.00,111.00,37.00
C875,126.00,3264,8.00,185.00,37.00
P712,126.00,3072,7.00,432.00,36.00
V570,129.00,2569,5.00,117.00,39.00
V610,129.00,2832,6.00,380.00,38.00
V705,126.00,3072,7.00,117.00,23.00
Z612,129.00,2848,6.00,420.00,35.00
Z650,126.00,2848,6.00,380.00,38.00
Z710,126.00,3072,7.00,380.00,38.00
2007,134.15,3191,7.69,144.08,36.31
C513,126.00,2572,5.00,108.00,36.00
C613,126.00,2848,6.00,108.00,36.00
C653,126.00,2848,6.00,108.00,36.00
C763,126.00,3072,7.00,105.00,35.00
M753,126.00,3056,7.00,111.00,37.00
M853,146.00,3296,8.00,111.00,37.00
M873,146.00,3264,8.00,114.00,38.00
M883,146.00,3280,8.00,114.00,38.00
V1003,129.00,3648,10.00,108.00,36.00
V803,146.00,3264,8.00,108.00,36.00
Z1275,129.00,4000,12.00,175.00,35.00
Z712,126.00,3072,7.00,423.00,36.00
Z885,146.00,3264,8.00,180.00,36.00
Kyocera,893.67,2193,3.47,139.13,36.07
2000,169.00,2048,3.00,76.00,38.00
Finecam 3300,169.00,2048,3.00,76.00,38.00
2001,1699.00,2048,3.00,76.00,38.00
Finecam S3,1699.00,2048,3.00,76.00,38.00
2002,1699.00,2232,3.50,105.00,35.00
Finecam S3L,1699.00,2048,3.00,105.00,35.00
Finecam S3x,1699.00,2048,3.00,105.00,35.00
Finecam S4,1699.00,2272,3.00,105.00,35.00
Finecam S5,1699.00,2560,5.00,105.00,35.00
2003,694.00,2176,3.50,110.00,36.00
Finecam L30,169.00,2048,3.00,115.00,38.00
Finecam L3V,169.00,2048,3.00,115.00,38.00
Finecam L4V,199.00,2304,4.00,105.00,35.00
Finecam S3R,1699.00,2048,3.00,105.00,35.00
Finecam S5R,1699.00,2560,5.00,105.00,35.00
Finecam SL300R,229.00,2048,3.00,115.00,35.00
2004,192.33,2272,3.67,285.00,36.33
Finecam M400R,169.00,2272,4.00,370.00,37.00
Finecam M410R,179.00,2272,4.00,370.00,37.00
Finecam SL400R,229.00,2272,3.00,115.00,35.00
Leica,317.82,2851,5.64,108.45,26.27
1998,149.00,1280,1.00,35.00,35.00
Digilux,149.00,1280,1.00,35.00,35.00
2000,199.00,1840,1.50,111.00,37.00
Digilux 4.3,149.00,2400,2.00,108.00,36.00
Digilux Zoom,249.00,1280,1.00,114.00,38.00
2002,249.00,2240,3.00,100.00,33.00
Digilux 1,249.00,2240,3.00,100.00,33.00
2003,249.00,2560,4.00,90.00,28.00
Digilux 2,249.00,2560,4.00,90.00,28.00
2005,509.00,3840,8.00,112.00,28.00
D-LUX 2,509.00,3840,8.00,112.00,28.00
2006,388.40,3552,8.60,126.80,18.20
C-LUX 1,509.00,2816,6.00,102.00,28.00
Digilux 3,269.00,3136,7.00,0.00,0.00
D-LUX 3,509.00,4224,10.00,112.00,28.00
M8,146.00,3936,10.00,0.00,0.00
V-LUX 1,509.00,3648,10.00,420.00,35.00
Nikon,618.00,2650,5.27,103.90,29.63
1997,229.00,576,0.00,48.50,48.50
Coolpix 100,229.00,512,0.00,52.00,52.00
Coolpix 300,229.00,640,0.00,45.00,45.00
1998,229.00,1195,0.67,88.67,37.33
Coolpix 600,229.00,1024,0.00,36.00,36.00
Coolpix 900,229.00,1280,1.00,115.00,38.00
Coolpix 900S,229.00,1280,1.00,115.00,38.00
1999,571.50,1700,1.25,56.50,27.75
Coolpix 700,229.00,1600,1.00,35.00,35.00
Coolpix 800,229.00,1600,1.00,76.00,38.00
Coolpix 950,229.00,1600,1.00,115.00,38.00
D1,1599.00,2000,2.00,0.00,0.00
2000,229.00,2048,3.00,105.00,38.00
Coolpix 880,229.00,2048,3.00,95.00,38.00
Coolpix 990,229.00,2048,3.00,115.00,38.00
2001,1167.33,2211,3.00,77.67,23.67
Coolpix 5000,229.00,2560,4.00,85.00,28.00
Coolpix 775,159.00,1600,1.00,115.00,38.00
Coolpix 885,159.00,2048,3.00,114.00,38.00
Coolpix 995,159.00,2048,3.00,152.00,38.00
D1H,1599.00,2000,2.00,0.00,0.00
D1X,4699.00,3008,5.00,0.00,0.00
2002,424.71,2199,3.00,126.43,31.86
Coolpix 2000,229.00,1632,1.00,114.00,38.00
Coolpix 2500,229.00,1600,1.00,111.00,37.00
Coolpix 3500,229.00,2048,3.00,111.00,37.00
Coolpix 4300,229.00,2272,3.00,114.00,38.00
Coolpix 4500,229.00,2272,3.00,155.00,38.00
Coolpix 5700,229.00,2560,4.00,280.00,35.00
D100,1599.00,3008,6.00,0.00,0.00
2003,409.00,2128,3.17,92.50,29.00
Coolpix 2100,99.00,1600,1.00,108.00,36.00
Coolpix 3100,99.00,2048,3.00,115.00,38.00
Coolpix 3700,229.00,2048,3.00,105.00,35.00
Coolpix 5400,229.00,2592,5.00,116.00,28.00
Coolpix SQ,199.00,2016,3.00,111.00,37.00
D2H,1599.00,2464,4.00,0.00,0.00
2004,748.09,2743,5.55,142.82,28.64
Coolpix 2200,229.00,1600,1.00,108.00,36.00
Coolpix 3200,229.00,2048,3.00,115.00,38.00
Coolpix 4100,99.00,2288,3.00,105.00,35.00
Coolpix 4200,229.00,2272,3.00,114.00,38.00
Coolpix 4800,229.00,2288,4.00,300.00,36.00
Coolpix 5200,229.00,2592,5.00,114.00,38.00
Coolpix 8400,229.00,3264,8.00,85.00,24.00
Coolpix 8700,229.00,3264,8.00,280.00,35.00
Coolpix 8800,229.00,3264,8.00,350.00,35.00
D2X,4699.00,4288,12.00,0.00,0.00
D70,1599.00,3008,6.00,0.00,0.00
2005,735.25,2841,5.88,105.19,27.06
Coolpix 4600,229.00,2288,3.00,102.00,34.00
Coolpix 5600,229.00,2592,5.00,102.00,34.00
Coolpix 5900,229.00,2592,5.00,114.00,38.00
Coolpix 7600,229.00,3072,7.00,114.00,38.00
Coolpix 7900,229.00,3072,7.00,114.00,38.00
Coolpix L1,99.00,2816,6.00,190.00,38.00
Coolpix P1,99.00,3264,8.00,126.00,35.00
Coolpix P2,229.00,2592,5.00,126.00,35.00
Coolpix S1,99.00,2592,5.00,105.00,35.00
Coolpix S2,199.00,2592,5.00,105.00,35.00
Coolpix S3,199.00,2816,6.00,105.00,35.00
Coolpix S4,199.00,2816,6.00,380.00,38.00
D200,1599.00,3872,10.00,0.00,0.00
D2Hs,4699.00,2464,4.00,0.00,0.00
D50,1599.00,3008,6.00,0.00,0.00
D70s,1599.00,3008,6.00,0.00,0.00
2006,555.00,3040,6.80,114.20,29.53
Coolpix L2,99.00,2816,6.00,116.00,38.00
Coolpix L3,99.00,2592,5.00,116.00,38.00
Coolpix L4,99.00,2272,3.00,114.00,38.00
Coolpix L5,99.00,3072,7.00,190.00,38.00
Coolpix L6,99.00,2816,6.00,116.00,38.00
Coolpix P3,229.00,3264,8.00,126.00,36.00
Coolpix P4,229.00,3264,8.00,126.00,36.00
Coolpix S10,99.00,2816,6.00,380.00,38.00
Coolpix S5,229.00,2816,6.00,105.00,35.00
Coolpix S6,199.00,2816,6.00,105.00,35.00
Coolpix S7c,199.00,3072,7.00,105.00,35.00
Coolpix S9,199.00,2816,6.00,114.00,38.00
D2Xs,4699.00,4288,12.00,0.00,0.00
D40,549.00,3008,6.00,0.00,0.00
D80,1199.00,3872,10.00,0.00,0.00
2007,610.11,3344,8.11,93.28,30.06
Coolpix L10,99.00,2560,4.00,112.00,37.00
Coolpix L11,99.00,2816,6.00,112.00,37.00
Coolpix L12,99.00,3072,7.00,105.00,35.00
Coolpix L14,129.00,3072,7.00,114.00,38.00
Coolpix L15,159.00,3264,8.00,105.00,35.00
Coolpix P50,229.00,3264,8.00,102.00,28.00
Coolpix P5000,399.00,3648,10.00,126.00,36.00
Coolpix P5100,399.00,4000,12.00,123.00,35.00
Coolpix S200,229.00,3072,7.00,114.00,38.00
Coolpix S50,229.00,3072,7.00,114.00,38.00
Coolpix S500,229.00,3072,7.00,105.00,35.00
Coolpix S50c,329.00,3072,7.00,114.00,38.00
Coolpix S51,279.00,3264,7.00,114.00,38.00
Coolpix S510,399.00,3264,8.00,105.00,35.00
Coolpix S51c,329.00,3264,7.00,114.00,38.00
D3,4999.00,4256,12.00,0.00,0.00
D300,1799.00,4288,12.00,0.00,0.00
D40X,549.00,3872,10.00,0.00,0.00
Olympus,639.00,2451,4.57,129.07,33.61
1996,914.00,832,0.00,36.00,36.00
D-200L,129.00,640,0.00,36.00,36.00
D-300L,1699.00,1024,0.00,36.00,36.00
1997,1074.00,1152,0.50,130.00,43.00
D-500L,449.00,1024,0.00,150.00,50.00
D-600L,1699.00,1280,1.00,110.00,36.00
1998,1175.67,1280,1.00,83.67,35.67
D-340L,1699.00,1280,1.00,36.00,36.00
D-400 Zoom,129.00,1280,1.00,105.00,35.00
D-620L,1699.00,1280,1.00,110.00,36.00
1999,652.33,1512,1.17,83.17,35.83
C-2000 Zoom,129.00,1600,1.00,105.00,35.00
C-2020 Zoom,129.00,1600,1.00,105.00,35.00
C-21,1699.00,1600,1.00,38.00,38.00
C-2500 L,129.00,1712,2.00,110.00,36.00
D-340R,1699.00,1280,1.00,36.00,36.00
D-450 Zoom,129.00,1280,1.00,105.00,35.00
2000,946.00,1711,1.80,156.30,35.60
C-2040 Zoom,129.00,1600,1.00,120.00,40.00
C-2100 UZ,129.00,1600,1.00,380.00,38.00
C-3000 Zoom,1699.00,2048,3.00,96.00,32.00
C-3030 Zoom,1699.00,2048,3.00,96.00,32.00
C-3040 Zoom,1699.00,2048,3.00,105.00,35.00
D-360L,1699.00,1280,1.00,36.00,36.00
D-460 Zoom,449.00,1280,1.00,105.00,35.00
D-490 Zoom,129.00,1600,1.00,105.00,35.00
E-10,1699.00,2240,3.00,140.00,35.00
E-100 RS,129.00,1368,1.00,380.00,38.00
2001,1260.00,1779,1.90,114.40,35.40
C-1,1699.00,1280,1.00,35.00,35.00
C-2,1699.00,1600,1.00,36.00,36.00
C-3020 Zoom,1699.00,2048,3.00,96.00,32.00
C-4040 Zoom,129.00,2272,3.00,105.00,35.00
C-700 UZ,449.00,1600,1.00,380.00,38.00
D-150Z,1699.00,1280,1.00,114.00,38.00
D-370,1699.00,1280,1.00,35.00,35.00
D-40 Zoom,1699.00,2272,3.00,98.00,35.00
D-510 Zoom,129.00,1600,1.00,105.00,35.00
E-20,1699.00,2560,4.00,140.00,35.00
2002,721.50,2078,2.75,156.88,36.13
C-300 Zoom,1699.00,1984,3.00,100.00,36.00
C-4000 Zoom,129.00,2288,3.00,96.00,32.00
C-50 Zoom,449.00,2560,4.00,114.00,38.00
C-5050 Zoom,449.00,2560,4.00,105.00,35.00
C-720 UZ,449.00,1984,3.00,320.00,40.00
C-730 UZ,449.00,2048,3.00,380.00,38.00
D-380,1699.00,1600,1.00,35.00,35.00
D-520 Zoom,449.00,1600,1.00,105.00,35.00
2003,677.89,2224,3.22,148.22,31.22
C-5000 Zoom,449.00,2560,4.00,114.00,38.00
C-5060 Zoom,449.00,2592,5.00,110.00,27.00
C-740 UZ,449.00,2048,3.00,380.00,38.00
C-750 UZ,449.00,2288,3.00,380.00,38.00
D-390,1699.00,1600,1.00,35.00,35.00
D-560 Zoom,449.00,2048,3.00,105.00,35.00
E-1,1699.00,2560,4.00,0.00,0.00
Stylus 300,229.00,2048,3.00,105.00,35.00
Stylus 400,229.00,2272,3.00,105.00,35.00
2004,524.38,2502,4.31,142.31,33.00
C-60 Zoom,449.00,2816,5.00,114.00,38.00
C-7000 Zoom,129.00,3072,7.00,190.00,38.00
C-765 UZ,449.00,2288,3.00,380.00,38.00
C-770 UZ,449.00,2288,3.00,380.00,38.00
C-8080 Wide Zoom,179.00,3264,8.00,140.00,28.00
D-395,1699.00,2048,3.00,33.00,33.00
D-535 Zoom,449.00,2048,3.00,114.00,38.00
D-540 Zoom,449.00,2048,3.00,114.00,38.00
D-580 Zoom,179.00,2288,3.00,105.00,35.00
E-300,1699.00,3264,8.00,0.00,0.00
Stylus 410,229.00,2272,3.00,105.00,35.00
Stylus 500,229.00,2560,4.00,105.00,35.00
Stylus Verve,229.00,2272,3.00,70.00,35.00
2005,498.47,2739,5.42,113.47,34.47
C-5500 Sport Zoom,129.00,2592,5.00,190.00,38.00
C-7070 Wide Zoom,129.00,3072,7.00,110.00,27.00
D-425,1699.00,2288,3.00,37.00,37.00
D-435,1699.00,2592,5.00,35.00,36.00
D-545 Zoom,449.00,2288,3.00,114.00,38.00
D-595 Zoom,449.00,2560,4.00,114.00,38.00
D-630 Zoom,129.00,2560,4.00,105.00,35.00
E-500,1699.00,3264,8.00,0.00,0.00
FE-100,129.00,2272,4.00,106.00,35.00
FE-110,129.00,2560,5.00,106.00,35.00
FE-120,129.00,2816,6.00,114.00,38.00
IR-300,129.00,2560,4.00,114.00,38.00
SP-310,449.00,3072,7.00,114.00,38.00
SP-350,449.00,3264,8.00,114.00,38.00
SP-500 UZ,449.00,2816,6.00,380.00,38.00
SP-700,449.00,2816,6.00,114.00,38.00
Stylus 600,229.00,2816,6.00,105.00,35.00
Stylus 800,249.00,3264,8.00,114.00,38.00
Stylus Verve S,299.00,2560,4.00,70.00,35.00
2006,368.50,3003,6.80,121.30,32.80
E-330,1699.00,3136,7.00,0.00,0.00
E-400,1699.00,3648,10.00,0.00,0.00
FE-115,129.00,2560,5.00,106.00,38.00
FE-130,129.00,2592,5.00,114.00,38.00
FE-140,129.00,2816,6.00,114.00,38.00
FE-150,129.00,2560,5.00,96.00,32.00
FE-170,129.00,2816,6.00,114.00,38.00
FE-180,179.00,2816,6.00,114.00,38.00
FE-190,129.00,2816,6.00,114.00,38.00
FE-200,129.00,2816,6.00,140.00,28.00
SP-320,449.00,3072,7.00,114.00,38.00
SP-510 UZ,449.00,3072,7.00,380.00,38.00
Stylus 1000,229.00,3648,10.00,105.00,35.00
Stylus 700,229.00,3072,7.00,111.00,37.00
Stylus 720 SW,299.00,3072,7.00,111.00,37.00
Stylus 725 SW,299.00,3072,7.00,114.00,38.00
Stylus 730,229.00,3072,7.00,114.00,38.00
Stylus 740,229.00,3072,7.00,180.00,36.00
Stylus 750,229.00,3072,7.00,180.00,36.00
Stylus 810,249.00,3264,8.00,105.00,35.00
2007,447.50,3298,8.20,146.80,30.00
E-3,1699.00,3648,10.00,0.00,0.00
E-410,1699.00,3648,10.00,0.00,0.00
E-510,1699.00,3648,10.00,0.00,0.00
FE-210,129.00,3072,7.00,114.00,38.00
FE-230,129.00,3072,7.00,114.00,38.00
FE-240,129.00,3072,7.00,190.00,38.00
FE-250,129.00,3264,8.00,105.00,38.00
FE-270,129.00,3072,7.00,114.00,38.00
FE-280,179.00,3264,8.00,108.00,36.00
FE-290,129.00,3072,7.00,112.00,28.00
FE-300,129.00,4000,12.00,105.00,35.00
SP-550 UZ,449.00,3072,7.00,504.00,28.00
SP-560 UZ,449.00,3264,8.00,486.00,27.00
Stylus 1200,249.00,4000,12.00,105.00,35.00
Stylus 760,229.00,3072,7.00,111.00,37.00
Stylus 770 SW,299.00,3072,7.00,114.00,38.00
Stylus 780,299.00,3072,7.00,180.00,36.00
Stylus 790 SW,299.00,3072,7.00,114.00,38.00
Stylus 820,249.00,3264,8.00,180.00,36.00
Stylus 830,249.00,3248,8.00,180.00,36.00
Panasonic,907.18,2705,5.47,194.53,32.29
2001,1499.00,1920,2.00,85.00,34.00
Lumix DMC-F7,1499.00,1600,1.00,70.00,35.00
Lumix DMC-LC5,1499.00,2240,3.00,100.00,33.00
2002,1049.00,1813,2.00,208.33,34.33
Lumix DMC-FZ1,149.00,1600,2.00,420.00,35.00
Lumix DMC-LC20,1499.00,1600,1.00,105.00,35.00
Lumix DMC-LC40,1499.00,2240,3.00,100.00,33.00
2003,1049.00,2101,3.33,210.00,35.00
Lumix DMC-FX1,1499.00,2048,3.00,105.00,35.00
Lumix DMC-FX5,1499.00,2304,4.00,105.00,35.00
Lumix DMC-FZ10,149.00,2304,4.00,420.00,35.00
Lumix DMC-FZ2,149.00,1600,2.00,420.00,35.00
Lumix DMC-LC33,1499.00,2048,3.00,105.00,35.00
Lumix DMC-LC43,1499.00,2304,4.00,105.00,35.00
2004,1180.25,2364,3.88,183.38,34.25
Lumix DMC-FX2,1499.00,2304,4.00,105.00,35.00
Lumix DMC-FX7,1499.00,2560,4.00,105.00,35.00
Lumix DMC-FZ20,149.00,2560,5.00,432.00,36.00
Lumix DMC-FZ3,299.00,2016,3.00,420.00,35.00
Lumix DMC-LC1,1499.00,2560,4.00,90.00,28.00
Lumix DMC-LC50,1499.00,2048,3.00,105.00,35.00
Lumix DMC-LC70,1499.00,2304,4.00,105.00,35.00
Lumix DMC-LC80,1499.00,2560,4.00,105.00,35.00
2005,765.67,2724,5.33,238.11,34.78
Lumix DMC-FX8,1499.00,2560,5.00,105.00,35.00
Lumix DMC-FX9,1499.00,2816,6.00,105.00,35.00
Lumix DMC-FZ30,299.00,3264,8.00,420.00,35.00
Lumix DMC-FZ4,149.00,2304,4.00,420.00,35.00
Lumix DMC-FZ5,149.00,2560,4.00,432.00,36.00
Lumix DMC-LS1,1499.00,2304,4.00,105.00,35.00
Lumix DMC-LX1,1499.00,3840,8.00,112.00,28.00
Lumix DMC-LZ1,149.00,2304,4.00,222.00,37.00
Lumix DMC-LZ2,149.00,2560,5.00,222.00,37.00
2006,849.00,3008,6.58,189.50,30.17
Lumix DMC-FX01,1499.00,2816,6.00,102.00,28.00
Lumix DMC-FX07,1499.00,3072,7.00,102.00,28.00
Lumix DMC-FX3,299.00,2816,6.00,105.00,35.00
Lumix DMC-FX50,1499.00,3072,7.00,102.00,28.00
Lumix DMC-FZ50,149.00,3648,10.00,420.00,35.00
Lumix DMC-FZ7,149.00,2816,6.00,432.00,36.00
Lumix DMC-L1,1499.00,3136,7.00,0.00,0.00
Lumix DMC-LS2,1499.00,2560,5.00,105.00,35.00
Lumix DMC-LX2,1499.00,4224,10.00,112.00,28.00
Lumix DMC-LZ3,149.00,2560,5.00,222.00,37.00
Lumix DMC-LZ5,149.00,2816,6.00,222.00,37.00
Lumix DMC-TZ1,299.00,2560,4.00,350.00,35.00
2007,729.00,3159,7.53,184.00,29.73
Lumix DMC-FX10,1499.00,2816,6.00,105.00,35.00
Lumix DMC-FX100,1499.00,4000,12.00,100.00,28.00
Lumix DMC-FX12,1499.00,3072,7.00,105.00,35.00
Lumix DMC-FX30,299.00,3072,7.00,100.00,28.00
Lumix DMC-FX33,299.00,3264,8.00,100.00,28.00
Lumix DMC-FX55,1499.00,3264,8.00,100.00,28.00
Lumix DMC-FZ18,149.00,3264,8.00,504.00,28.00
Lumix DMC-FZ8,149.00,3072,7.00,432.00,36.00
Lumix DMC-L10,1499.00,3648,10.00,0.00,0.00
Lumix DMC-LS60,149.00,2816,6.00,105.00,35.00
Lumix DMC-LS75,1499.00,3072,7.00,105.00,35.00
Lumix DMC-LZ6,149.00,3072,7.00,222.00,37.00
Lumix DMC-LZ7,149.00,3072,7.00,222.00,37.00
Lumix DMC-TZ2,299.00,2816,6.00,280.00,28.00
Lumix DMC-TZ3,299.00,3072,7.00,280.00,28.00
Pentax,279.00,2659,5.24,106.88,31.78
2000,509.00,1600,1.00,108.00,34.00
EI-200,509.00,1600,1.00,108.00,34.00
EI-2000,509.00,1600,1.00,108.00,34.00
2001,349.00,1856,2.33,88.00,38.67
EI-100,509.00,1280,1.00,42.00,42.00
Optio 330,269.00,2048,3.00,111.00,37.00
Optio 430,269.00,2240,3.00,111.00,37.00
2002,269.00,1984,2.50,112.50,37.50
Optio 230,269.00,1600,1.00,114.00,38.00
Optio 330GS,269.00,2048,3.00,114.00,38.00
Optio 330RS,269.00,2048,3.00,111.00,37.00
Optio 430RS,269.00,2240,3.00,111.00,37.00
2003,261.22,2331,3.89,122.56,32.67
*ist D,799.00,3008,6.00,0.00,0.00
Optio 33L,269.00,2048,3.00,114.00,38.00
Optio 33LF,269.00,2048,3.00,114.00,38.00
Optio 33WR,269.00,2048,3.00,104.00,37.00
Optio 450,149.00,2288,3.00,187.00,37.00
Optio 550,149.00,2592,5.00,187.00,37.00
Optio 555,149.00,2592,5.00,187.00,37.00
Optio S,149.00,2048,3.00,105.00,35.00
Optio S4,149.00,2304,4.00,105.00,35.00
2004,223.17,2467,4.42,133.33,33.33
*ist DS,799.00,3008,6.00,0.00,0.00
Optio 30,149.00,2048,3.00,114.00,38.00
Optio 43WR,269.00,2288,3.00,104.00,37.00
Optio 750Z,149.00,3056,7.00,187.00,37.00
Optio MX4,149.00,2304,4.00,370.00,37.00
Optio S30,269.00,2048,3.00,114.00,38.00
Optio S40,149.00,2304,4.00,105.00,35.00
Optio S4i,149.00,2304,4.00,105.00,35.00
Optio S50,149.00,2560,5.00,107.00,35.00
Optio S5i,149.00,2560,4.00,107.00,36.00
Optio SV,149.00,2560,5.00,180.00,36.00
Optio X,149.00,2560,5.00,107.00,36.00
2005,267.46,2690,5.15,96.77,30.15
*ist DL,799.00,3008,6.00,0.00,0.00
*ist DS2,799.00,3008,6.00,0.00,0.00
Optio 50,149.00,2560,4.00,96.00,32.00
Optio 60,149.00,2848,6.00,108.00,36.00
Optio S45,149.00,2304,4.00,107.00,35.00
Optio S55,149.00,2560,5.00,107.00,35.00
Optio S5n,149.00,2560,4.00,107.00,35.00
Optio S5z,149.00,2560,5.00,107.00,35.00
Optio S6,149.00,2816,6.00,112.00,37.00
Optio S60,149.00,2816,6.00,106.00,35.00
Optio SVi,149.00,2560,5.00,180.00,36.00
Optio WP,269.00,2560,4.00,114.00,38.00
Optio WPi,269.00,2816,6.00,114.00,38.00
2006,319.67,3078,6.93,81.00,26.93
*ist DL2,799.00,3008,6.00,0.00,0.00
K100D,509.00,3008,6.00,0.00,0.00
K10D,799.00,3872,10.00,0.00,0.00
K110D,509.00,3008,6.00,0.00,0.00
Optio A10,249.00,3264,8.00,114.00,38.00
Optio A20,149.00,3648,10.00,114.00,38.00
Optio E10,149.00,2816,6.00,102.00,34.00
Optio E20,149.00,2816,6.00,102.00,34.00
Optio M10,249.00,2816,6.00,105.00,35.00
Optio M20,149.00,3072,7.00,114.00,38.00
Optio S7,149.00,3072,7.00,112.00,37.00
Optio T10,249.00,2816,6.00,112.00,37.00
Optio T20,149.00,3072,7.00,112.00,37.00
Optio W10,269.00,2816,6.00,114.00,38.00
Optio W20,269.00,3072,7.00,114.00,38.00
2007,253.00,3238,7.80,116.20,33.70
K100D Super,509.00,3008,6.00,0.00,0.00
Optio A30,269.00,3648,10.00,114.00,38.00
Optio E30,149.00,3072,7.00,108.00,36.00
Optio E40,149.00,3264,8.00,112.00,37.00
Optio M30,269.00,3072,7.00,114.00,38.00
Optio M40,149.00,3264,8.00,108.00,36.00
Optio S10,249.00,3648,10.00,114.00,38.00
Optio T30,269.00,3072,7.00,112.00,38.00
Optio W30,269.00,3072,7.00,114.00,38.00
Optio Z10,249.00,3264,8.00,266.00,38.00
Ricoh,603.15,2495,4.62,121.08,31.54
1998,149.00,1280,1.00,105.00,35.00
RDC-4300,149.00,1280,1.00,105.00,35.00
1999,163.00,1792,2.00,100.00,38.00
RDC-5000,149.00,1792,2.00,86.00,38.00
RDC-5300,177.00,1792,2.00,114.00,38.00
2000,599.00,1872,2.25,91.00,37.00
RDC-200G,399.00,1792,2.00,114.00,38.00
RDC-6000,149.00,1600,1.00,40.00,40.00
RDC-7,1699.00,2048,3.00,105.00,35.00
RDC-i700,149.00,2048,3.00,105.00,35.00
2001,2549.00,2160,3.00,105.00,35.00
Caplio RR1,99.00,2272,3.00,105.00,35.00
RDC-i500,4999.00,2048,3.00,105.00,35.00
2003,99.00,2048,3.00,105.00,35.00
Caplio G3,99.00,2048,3.00,105.00,35.00
2004,99.00,2048,3.00,100.00,28.00
Caplio RX,99.00,2048,3.00,100.00,28.00
2005,965.67,2795,5.33,113.17,28.67
Caplio GX8,99.00,3264,8.00,85.00,28.00
Caplio R1V,99.00,2560,4.00,135.00,28.00
Caplio R2,99.00,2560,4.00,135.00,28.00
Caplio R3,99.00,2560,4.00,200.00,28.00
Caplio RR530,399.00,2560,4.00,96.00,32.00
GR Digital,4999.00,3264,8.00,28.00,28.00
2006,187.33,2891,6.17,152.17,29.33
Caplio 500G,229.00,3264,8.00,85.00,28.00
Caplio R30,99.00,2560,4.00,160.00,28.00
Caplio R4,99.00,2816,6.00,200.00,28.00
Caplio R40,199.00,2816,6.00,160.00,28.00
Caplio R5,99.00,3072,7.00,200.00,28.00
Caplio RR630,399.00,2816,6.00,108.00,36.00
2007,199.00,3328,8.33,157.33,26.67
Caplio GX100,399.00,3648,10.00,72.00,24.00
Caplio R6,99.00,3072,7.00,200.00,28.00
Caplio R7,99.00,3264,8.00,200.00,28.00
Samsung,209.37,2815,6.02,112.65,33.72
2002,246.50,1800,2.00,86.75,36.00
Digimax 130,299.00,1280,1.00,43.00,43.00
Digimax 230,229.00,1600,1.00,100.00,33.00
Digimax 350SE,229.00,2048,3.00,102.00,34.00
Digimax 410,229.00,2272,3.00,102.00,34.00
2003,229.00,2160,3.00,114.00,36.50
Digimax U-CA 3,229.00,2048,3.00,114.00,35.00
Digimax V4,229.00,2272,3.00,114.00,38.00
2004,239.77,2233,3.54,86.54,35.69
Digimax 202,229.00,1600,1.00,47.00,35.00
Digimax 250,229.00,1600,1.00,76.00,35.00
Digimax 301,299.00,2048,3.00,33.00,35.00
Digimax 370,229.00,2048,3.00,114.00,35.00
Digimax 401,299.00,2048,4.00,33.00,35.00
Digimax 430,229.00,2272,3.00,114.00,35.00
Digimax 530,229.00,2592,5.00,114.00,38.00
Digimax U-CA 4,229.00,2272,4.00,105.00,35.00
Digimax U-CA 401,229.00,2272,3.00,35.00,35.00
Digimax V40,229.00,2272,3.00,113.00,35.00
Digimax V5,229.00,2592,5.00,114.00,38.00
Digimax V50,229.00,2592,5.00,113.00,35.00
Digimax V6,229.00,2816,6.00,114.00,38.00
2005,239.00,2853,6.14,148.00,33.86
Digimax A50,229.00,2592,5.00,105.00,35.00
Digimax A502,229.00,2592,5.00,31.00,31.00
Digimax A55W,229.00,2592,5.00,135.00,28.00
Digimax i5,229.00,2595,5.00,117.00,39.00
Digimax V700,229.00,3072,7.00,114.00,38.00
Digimax V800,229.00,3264,8.00,114.00,38.00
Pro815,299.00,3264,8.00,420.00,28.00
2006,244.71,3214,7.43,86.57,21.43
Digimax i6,229.00,2816,6.00,117.00,39.00
GX-10,199.00,3872,10.00,0.00,0.00
GX-1L,299.00,3008,6.00,0.00,0.00
GX-1S,299.00,3008,6.00,0.00,0.00
NV10,229.00,3648,10.00,105.00,35.00
NV3,229.00,3072,7.00,114.00,38.00
NV7 OPS,229.00,3072,7.00,270.00,38.00
2007,159.95,3287,8.10,130.52,35.86
i7,119.00,3072,7.00,114.00,38.00
i70,199.00,3072,7.00,114.00,38.00
i85,149.00,3264,8.00,108.00,36.00
L700,199.00,3072,7.00,105.00,35.00
L73,119.00,3072,7.00,105.00,35.00
L730,99.00,3264,7.00,114.00,38.00
L74 Wide,119.00,3072,7.00,101.00,28.00
L77,119.00,3072,7.00,266.00,38.00
L830,99.00,3264,8.00,114.00,38.00
L83T,229.00,3264,8.00,114.00,38.00
NV11,229.00,3648,10.00,190.00,35.00
NV15,229.00,3648,10.00,102.00,34.00
NV20,229.00,4000,12.00,102.00,34.00
NV8,229.00,3264,8.00,102.00,34.00
S1030,199.00,3648,10.00,105.00,35.00
S1050,199.00,3648,10.00,190.00,38.00
S630,99.00,2816,6.00,105.00,35.00
S730,99.00,3072,7.00,105.00,35.00
S830,99.00,3264,8.00,105.00,35.00
S85,149.00,3264,8.00,190.00,38.00
S850,149.00,3264,8.00,190.00,38.00
Sanyo,566.50,1828,2.13,95.63,36.13
1999,149.00,1152,0.50,70.00,36.00
VPC-X350,149.00,1024,0.00,38.00,38.00
VPC-Z400,149.00,1280,1.00,102.00,34.00
2001,429.00,1944,2.00,98.00,35.00
DSC-AZ1,429.00,2288,3.00,98.00,35.00
DSC-MZ1,429.00,1600,1.00,98.00,35.00
2003,289.00,2048,3.00,106.00,36.50
DSC-J1,429.00,2048,3.00,104.00,37.00
DSC-S1,149.00,2048,3.00,108.00,36.00
2004,1399.00,2168,3.00,108.50,37.00
Xacti DSC-S3,1399.00,2048,3.00,112.00,37.00
Xacti DSC-S4,1399.00,2288,3.00,105.00,37.00
Sigma,809.00,2454,3.50,7.00,7.00
2002,19.00,2268,3.00,0.00,0.00
SD9,19.00,2268,3.00,0.00,0.00
2003,1599.00,2268,3.00,0.00,0.00
SD10,1599.00,2268,3.00,0.00,0.00
2006,809.00,2640,4.00,14.00,14.00
DP1,1599.00,2640,4.00,28.00,28.00
SD14,19.00,2640,4.00,0.00,0.00
Sony,517.10,2304,4.16,146.65,36.01
1998,1086.50,1008,0.25,292.25,35.50
DSC-D700,149.00,1344,1.00,140.00,28.00
Mavica FD-71,1399.00,640,0.00,400.00,40.00
Mavica FD-81,1399.00,1024,0.00,111.00,37.00
Mavica FD-91,1399.00,1024,0.00,518.00,37.00
1999,820.67,1248,0.67,191.33,35.67
DSC-D770,149.00,1344,1.00,140.00,28.00
DSC-F505,149.00,1600,1.00,190.00,38.00
DSC-F55,429.00,1600,1.00,37.00,37.00
Mavica FD-73,1399.00,640,0.00,400.00,40.00
Mavica FD-83,1399.00,1024,0.00,111.00,37.00
Mavica FD-88,1399.00,1280,1.00,270.00,34.00
2000,705.00,1645,1.60,180.10,37.10
DSC-F505V,149.00,1856,2.00,190.00,38.00
DSC-F55V,429.00,1856,2.00,37.00,37.00
DSC-P1,429.00,2048,3.00,117.00,39.00
DSC-S30,149.00,1280,1.00,117.00,39.00
DSC-S50,149.00,1600,1.00,117.00,39.00
DSC-S70,149.00,2048,3.00,102.00,34.00
Mavica CD1000,1399.00,1600,1.00,370.00,37.00
Mavica FD-85,1399.00,1280,1.00,111.00,37.00
Mavica FD-90,1399.00,1280,1.00,270.00,34.00
Mavica FD-95,1399.00,1600,1.00,370.00,37.00
2001,742.57,1685,1.79,163.50,38.36
DSC-F707,149.00,2560,4.00,190.00,38.00
DSC-P20,399.00,1216,1.00,42.00,42.00
DSC-P3,429.00,1920,2.00,36.00,36.00
DSC-P30,149.00,1280,1.00,123.00,41.00
DSC-P5,429.00,2048,3.00,117.00,39.00
DSC-P50,149.00,1600,1.00,123.00,41.00
DSC-S75,149.00,2048,3.00,102.00,34.00
DSC-S85,149.00,2272,3.00,102.00,34.00
Mavica CD200,1399.00,1600,1.00,117.00,39.00
Mavica CD300,1399.00,2048,3.00,102.00,34.00
Mavica FD-75,1399.00,640,0.00,400.00,40.00
Mavica FD-87,1399.00,1280,1.00,117.00,39.00
Mavica FD-92,1399.00,1472,1.00,328.00,41.00
Mavica FD-97,1399.00,1600,1.00,390.00,39.00
2002,636.69,1799,1.92,98.92,37.15
DSC-F717,149.00,2560,4.00,190.00,38.00
DSC-P2,399.00,1600,1.00,117.00,39.00
DSC-P31,429.00,1600,1.00,33.00,33.00
DSC-P51,429.00,1600,1.00,82.00,41.00
DSC-P7,149.00,2048,3.00,117.00,39.00
DSC-P71,149.00,2048,3.00,117.00,39.00
DSC-P9,429.00,2272,3.00,117.00,39.00
DSC-U10,149.00,1280,1.00,33.00,33.00
DSC-U20,399.00,1632,2.00,33.00,33.00
Mavica CD250,1399.00,1600,1.00,123.00,41.00
Mavica CD400,1399.00,2272,3.00,102.00,34.00
Mavica FD-100,1399.00,1280,1.00,111.00,37.00
Mavica FD-200,1399.00,1600,1.00,111.00,37.00
2003,444.33,2199,3.73,92.27,35.67
DSC-F828,429.00,3264,8.00,200.00,28.00
DSC-P10,149.00,2592,5.00,114.00,38.00
DSC-P32,429.00,2048,3.00,33.00,33.00
DSC-P52,429.00,2048,3.00,82.00,41.00
DSC-P72,149.00,2048,3.00,117.00,39.00
DSC-P8,429.00,2048,3.00,117.00,39.00
DSC-P92,429.00,2592,5.00,114.00,38.00
DSC-T1,399.00,2592,5.00,114.00,38.00
DSC-U30,149.00,1632,2.00,33.00,33.00
DSC-U40,149.00,1632,2.00,33.00,33.00
DSC-U50,149.00,1632,2.00,33.00,33.00
DSC-U60,149.00,1632,2.00,33.00,33.00
DSC-V1,429.00,2592,5.00,136.00,34.00
Mavica CD350,1399.00,2048,3.00,123.00,41.00
Mavica CD500,1399.00,2592,5.00,102.00,34.00
2004,354.00,2595,4.92,107.83,36.83
DSC-F88,429.00,2592,5.00,114.00,38.00
DSC-L1,429.00,2304,4.00,96.00,32.00
DSC-M1,429.00,2592,5.00,114.00,38.00
DSC-P100,149.00,2592,5.00,114.00,38.00
DSC-P150,149.00,3072,7.00,114.00,38.00
DSC-P41,429.00,2272,3.00,33.00,33.00
DSC-P73,149.00,2272,3.00,117.00,39.00
DSC-P93,429.00,2592,5.00,114.00,38.00
DSC-T11,399.00,2592,5.00,114.00,38.00
DSC-T3,399.00,2592,5.00,114.00,38.00
DSC-V3,429.00,3072,7.00,136.00,34.00
DSC-W1,429.00,2592,5.00,114.00,38.00
2005,320.43,2755,5.71,136.29,36.57
DSC-H1,429.00,2592,5.00,432.00,36.00
DSC-M2,399.00,2592,5.00,114.00,38.00
DSC-N1,429.00,3264,8.00,114.00,38.00
DSC-P200,399.00,3072,7.00,114.00,38.00
DSC-R1,429.00,3888,10.00,120.00,24.00
DSC-S40,149.00,2304,4.00,96.00,32.00
DSC-S60,149.00,2304,4.00,117.00,39.00
DSC-S90,149.00,2304,4.00,117.00,39.00
DSC-T33,399.00,2592,5.00,114.00,38.00
DSC-T5,399.00,2592,5.00,114.00,38.00
DSC-T7,149.00,2592,5.00,114.00,38.00
DSC-T9,429.00,2816,6.00,114.00,38.00
DSC-W5,429.00,2592,5.00,114.00,38.00
DSC-W7,149.00,3072,7.00,114.00,38.00
2006,316.50,3085,7.25,155.75,33.92
DSC-H2,429.00,2816,6.00,432.00,36.00
DSC-H5,429.00,3072,7.00,432.00,36.00
DSC-N2,399.00,3264,10.00,114.00,38.00
DSC-S600,149.00,2816,6.00,93.00,31.00
DSC-T10,399.00,3072,7.00,114.00,38.00
DSC-T30,399.00,3072,7.00,114.00,38.00
DSC-T50,399.00,3072,7.00,114.00,38.00
DSC-W100,149.00,3264,8.00,114.00,38.00
DSC-W30,149.00,2816,6.00,114.00,38.00
DSC-W50,149.00,2816,6.00,114.00,38.00
DSC-W70,149.00,3072,7.00,114.00,38.00
DSLR-A100,599.00,3872,10.00,0.00,0.00
2007,362.13,3284,8.06,178.94,33.38
DSC-G1,429.00,2816,6.00,114.00,38.00
DSC-H3,429.00,3264,8.00,380.00,38.00
DSC-H7,429.00,3264,8.00,465.00,31.00
DSC-H9,429.00,3264,8.00,465.00,31.00
DSC-S650,149.00,3072,7.00,105.00,35.00
DSC-S700,149.00,3072,7.00,105.00,35.00
DSC-S800,149.00,3264,8.00,222.00,37.00
DSC-T100,399.00,3264,8.00,175.00,35.00
DSC-T20,399.00,3264,8.00,114.00,38.00
DSC-T200,399.00,3264,8.00,175.00,35.00
DSC-W200,399.00,4000,12.00,105.00,35.00
DSC-W35,429.00,3072,7.00,114.00,38.00
DSC-W55,429.00,3072,7.00,114.00,38.00
DSC-W80,149.00,3072,7.00,105.00,35.00
DSC-W90,429.00,3254,8.00,105.00,35.00
DSLR-A700,599.00,4272,12.00,0.00,0.00
Toshiba,149.00,1842,2.11,87.67,37.72
1998,62.00,1280,1.00,35.00,35.00
PDR-M1,62.00,1280,1.00,35.00,35.00
1999,62.00,1493,1.00,91.67,39.33
PDR-M3,62.00,1280,1.00,115.00,38.00
PDR-M4,62.00,1600,1.00,40.00,40.00
PDR-M5,62.00,1600,1.00,120.00,40.00
2000,255.50,1920,2.50,95.50,36.50
PDR-M60,449.00,1792,2.00,86.00,38.00
PDR-M70,62.00,2048,3.00,105.00,35.00
2001,94.86,1842,2.14,89.86,39.29
PDR-M11,62.00,1280,1.00,52.00,52.00
PDR-M21,177.00,1600,1.00,39.00,39.00
PDR-M25,177.00,1729,2.00,114.00,38.00
PDR-M61,62.00,1792,2.00,114.00,38.00
PDR-M65,62.00,2048,3.00,114.00,38.00
PDR-M71,62.00,2048,3.00,98.00,35.00
PDR-M81,62.00,2400,3.00,98.00,35.00
2002,161.00,1899,2.33,81.00,36.00
PDR-3310,177.00,2048,3.00,105.00,35.00
PDR-3330,177.00,2048,3.00,100.00,35.00
PDR-T10,129.00,1600,1.00,38.00,38.00
2003,388.00,2480,3.50,102.50,35.00
PDR-4300,599.00,2400,3.00,100.00,35.00
PDR-5300,177.00,2560,4.00,105.00,35.00
Grand Total,457.38,2475,4.60,121.53,32.96
